Targets,K-Steering,CAA,DCT
Appeal to Precedent,0.745532,0.06093155,0.00023706257
Empirical Grounding,0.69658804,0.63404655,0.4311004
Moral Framing,0.60213286,0.6681385,0.75452745
Refutation by Distinction,0.5976727,0.3332932,0.18515939
Straw Man Reframing,0.17621654,0.43022943,0.2519616
