Targets,alpha_grad,alpha_caa,best_k_layer,best_caa_layer
"('casual',)",15.053125000000001,0.47382812500000004,28,30
"('cautious',)",5.33359375,0.7230468750000001,28,30
"('concise',)",0.47382812500000004,0.1,28,30
"('empathetic',)",8.32421875,0.5984375000000001,28,30
"('expert',)",16.5484375,0.1,28,30
