Targets,K-Steering,CAA
casual,0.009324677,0.010063023
cautious,0.2297552,0.21754795
concise,0.01583506,0.011099944
empathetic,0.78820884,0.6276088
expert,0.81858695,0.049612284
