Targets,K-Steering,CAA,DCT
casual,0.009324677,0.010063023,0.17119788
cautious,0.2297552,0.21754795,0.10317749
concise,0.01583506,0.011099944,0.03884487
empathetic,0.78820884,0.6276088,0.17103049
expert,0.81858695,0.049612284,0.045803353
