Targets,alpha_grad,alpha_caa,alpha_dct,best_k_layer,best_caa_layer
"('Appeal to Precedent',)",21.034375,0.240185546875,0.1,29,30
"('Empirical Grounding',)",14.5546875,1.34609375,116.08867187500002,29,30
"('Moral Framing',)",7.825781250000001,2.9660156250000003,624.0390624999999,29,30
"('Refutation by Distinction',)",19.040625000000002,0.520556640625,33.09677734375,29,30
"('Straw Man Reframing',)",1.096875,0.5828613281250001,60.094140625,29,30
