Targets,K-Steering,CAA,DCT
Appeal to Precedent,0.75064516,-0.17335999,0.26231104
Empirical Grounding,0.45062926,-0.15442458,0.4804899
Moral Framing,0.48351792,-0.23165274,0.321176
Refutation by Distinction,0.48824292,0.039696924,0.02099616
Straw Man Reframing,0.6360376,0.6360297,0.37090218
