Targets,alpha_grad,alpha_caa,alpha_dct,best_k_layer,best_caa_layer
"('Appeal to Precedent',)",2.5921875,2.2806640624999996,44.095703125,27,27
"('Empirical Grounding',)",1.19033203125,1.7822265625,80.0921875,27,27
"('Moral Framing',)",10.567187500000001,1.7199218749999998,92.09101562500001,27,27
"('Refutation by Distinction',)",2.5298828125000004,1.4083984375,8.09921875,27,27
"('Straw Man Reframing',)",6.081250000000001,3.8382812500000005,68.093359375,27,27
