Targets,alpha_grad,alpha_caa,alpha_dct,best_k_layer,best_caa_layer
"('casual',)",2.5921875,3.8382812500000005,56.09453125,25,27
"('cautious',)",3.4644531250000004,0.972265625,96.090625,25,27
"('concise',)",9.071875000000002,3.4644531250000004,92.09101562500001,25,27
"('empathetic',)",0.1,1.7199218749999998,88.09140625,25,27
"('expert',)",10.567187500000001,1.5953125,36.096484374999996,25,27
