Targets,alpha_grad,alpha_caa,alpha_dct,best_k_layer,best_caa_layer
"('casual',)",16.05,1.5953125,84.091796875,31,30
"('cautious',)",9.071875000000002,2.8414062500000004,208.0796875,31,30
"('concise',)",17.5453125,3.9628906250000004,168.08359375000003,31,30
"('empathetic',)",10.567187500000001,2.9660156250000003,336.06718750000005,31,30
"('expert',)",10.567187500000001,3.090625,144.0859375,31,30
